{"cameraMode":{"drawMode":0,"name":"Shaded","section":"Shading Mode"},"sceneLighting":false,"audioPlay":false,"sceneViewState":{"showFog":true,"showMaterialUpdate":false,"showSkybox":false,"showFlares":true,"showImageEffects":true,"showParticleSystems":true},"in2DMode":false,"pivot":{"x":0.04999804496765137,"y":0.09449529647827149,"z":5.0899882316589359},"rotation":{"x":0.07796068489551544,"y":-0.9217915534973145,"z":0.2794065773487091,"w":0.2572053074836731},"size":8.748353004455567,"orthographic":false}